<doc>
  <assembly>
    <name>Microsoft.DirectX.Diagnostics</name>
  </assembly>
  <members>
    <member name="T:Microsoft.DirectX.Diagnostics.Container">
      <summary>A diagnostics container. Can contain properties and other containers</summary>
    </member>
    <member name="M:Microsoft.DirectX.Diagnostics.Container.#ctor(System.Boolean)">
      <summary>Initializes a new instance of the object.</summary>
      <param name="allowWhqlChecks" />
    </member>
    <member name="M:Microsoft.DirectX.Diagnostics.Container.Dispose">
      <summary>Immediately releases the unmanaged resources used by the object.</summary>
      <returns />
    </member>
    <member name="M:Microsoft.DirectX.Diagnostics.Container.Finalize">
      <summary>Forces an object to free resources before the object is destroyed by the Garbage Collector.</summary>
      <returns />
    </member>
    <member name="M:Microsoft.DirectX.Diagnostics.Container.GetContainer(System.String)">
      <summary>Get the container with the specified name</summary>
      <param name="name" />
      <returns />
    </member>
    <member name="M:Microsoft.DirectX.Diagnostics.Container.GetContainer(System.Int32)">
      <summary>Get the container with the specified name</summary>
      <param name="index" />
      <returns />
    </member>
    <member name="M:Microsoft.DirectX.Diagnostics.Container.GetProperty(System.String)">
      <summary>Get the property with the specified name</summary>
      <param name="name" />
      <returns />
    </member>
    <member name="M:Microsoft.DirectX.Diagnostics.Container.GetProperty(System.Int32)">
      <summary>Get the property with the specified name</summary>
      <param name="index" />
      <returns />
    </member>
    <member name="P:Microsoft.DirectX.Diagnostics.Container.Containers">
      <summary>The containers</summary>
    </member>
    <member name="P:Microsoft.DirectX.Diagnostics.Container.NumberContainers">
      <summary>Get the number of containers</summary>
    </member>
    <member name="P:Microsoft.DirectX.Diagnostics.Container.NumberProperties">
      <summary>Get the number of properties</summary>
    </member>
    <member name="P:Microsoft.DirectX.Diagnostics.Container.Properties">
      <summary>Get the properties</summary>
    </member>
    <member name="T:Microsoft.DirectX.Diagnostics.ContainerList">
      <summary>The list of containers</summary>
    </member>
    <member name="M:Microsoft.DirectX.Diagnostics.ContainerList.GetEnumerator">
      <summary>Gets an enumerator for this collection.</summary>
      <returns />
    </member>
    <member name="M:Microsoft.DirectX.Diagnostics.ContainerList.MoveNext">
      <summary>Advances the enumerator to the next element of the collection.</summary>
      <returns />
    </member>
    <member name="M:Microsoft.DirectX.Diagnostics.ContainerList.Reset">
      <summary>Sets the enumerator to its initial position, which is before the first element in the collection.</summary>
      <returns />
    </member>
    <member name="P:Microsoft.DirectX.Diagnostics.ContainerList.Count">
      <summary>Gets the number of elements.</summary>
    </member>
    <member name="P:Microsoft.DirectX.Diagnostics.ContainerList.Current">
      <summary>Gets the current element in the collection.</summary>
    </member>
    <member name="T:Microsoft.DirectX.Diagnostics.PropertyList">
      <summary>Collection of properties</summary>
    </member>
    <member name="M:Microsoft.DirectX.Diagnostics.PropertyList.GetEnumerator">
      <summary>Gets an enumerator for this collection.</summary>
      <returns />
    </member>
    <member name="M:Microsoft.DirectX.Diagnostics.PropertyList.MoveNext">
      <summary>Advances the enumerator to the next element of the collection.</summary>
      <returns />
    </member>
    <member name="M:Microsoft.DirectX.Diagnostics.PropertyList.Reset">
      <summary>Sets the enumerator to its initial position, which is before the first element in the collection.</summary>
      <returns />
    </member>
    <member name="P:Microsoft.DirectX.Diagnostics.PropertyList.Count">
      <summary>Gets the number of elements.</summary>
    </member>
    <member name="P:Microsoft.DirectX.Diagnostics.PropertyList.Current">
      <summary>Gets the current element in the collection.</summary>
    </member>
    <member name="T:Microsoft.DirectX.Diagnostics.ContainerData">
      <summary>Holds both the container and the name</summary>
    </member>
    <member name="M:Microsoft.DirectX.Diagnostics.ContainerData.#ctor">
      <summary>Initializes a new instance of the object.</summary>
    </member>
    <member name="P:Microsoft.DirectX.Diagnostics.ContainerData.Container">
      <summary>The container</summary>
    </member>
    <member name="P:Microsoft.DirectX.Diagnostics.ContainerData.Name">
      <summary>The name.</summary>
    </member>
    <member name="T:Microsoft.DirectX.Diagnostics.PropertyData">
      <summary>Contains the property name and value</summary>
    </member>
    <member name="M:Microsoft.DirectX.Diagnostics.PropertyData.#ctor">
      <summary>Initializes a new instance of the object.</summary>
    </member>
    <member name="P:Microsoft.DirectX.Diagnostics.PropertyData.Data">
      <summary>The properties value.</summary>
    </member>
    <member name="P:Microsoft.DirectX.Diagnostics.PropertyData.Name">
      <summary>The properties name.</summary>
    </member>
  </members>
</doc>